Layer,Head,From (Query Position),To (Allosteric Position),Attention Score
32,10,1,168,0.0002544212038628757
32,10,1,169,0.0005350913852453232
32,10,1,253,0.00041181579581461847
32,10,1,277,0.0009065631311386824
32,10,1,278,0.0012671544682234526
32,10,2,168,2.9643024390679784e-06
32,10,2,169,1.0882811693591066e-05
32,10,2,253,3.5908742574974895e-05
32,10,2,277,2.6760902983369306e-05
32,10,2,278,2.454819332342595e-05
32,10,3,168,1.9324445020174608e-05
32,10,3,169,3.639381975517608e-05
32,10,3,253,5.270944529911503e-05
32,10,3,277,1.084114865079755e-05
32,10,3,278,2.1341807041608263e-06
32,10,4,168,5.370055987441447e-06
32,10,4,169,5.95341452935827e-06
32,10,4,253,2.551849502197001e-05
32,10,4,277,1.4786799511057325e-05
32,10,4,278,3.175799292876036e-06
32,10,5,168,5.99537725065602e-06
32,10,5,169,3.2589199690846726e-05
32,10,5,253,3.277449286542833e-05
32,10,5,277,4.6414834287134e-06
32,10,5,278,1.5118509963940596e-06
32,10,6,168,2.4054393179540057e-06
32,10,6,169,1.6950893041212112e-05
32,10,6,253,7.556234777439386e-05
32,10,6,277,7.898746844148263e-06
32,10,6,278,9.077907066057378e-07
32,10,7,168,1.5010296010586899e-06
32,10,7,169,5.622967364615761e-06
32,10,7,253,5.3566156566375867e-05
32,10,7,277,4.614637873601168e-06
32,10,7,278,1.5923233149806038e-06
32,10,8,168,2.6881405119638657e-06
32,10,8,169,2.0064402633579448e-05
32,10,8,253,8.107555004244205e-06
32,10,8,277,4.4273201638134196e-07
32,10,8,278,6.91240842343177e-08
32,10,9,168,4.425999406976189e-07
32,10,9,169,5.093116214993643e-06
32,10,9,253,1.4005328921484761e-05
32,10,9,277,4.6490717409142235e-07
32,10,9,278,5.2212747903013224e-08
32,10,10,168,3.2683669815014582e-06
32,10,10,169,2.2018421077518724e-05
32,10,10,253,0.00038519114605151117
32,10,10,277,5.557802978728432e-06
32,10,10,278,4.866923063673312e-06
32,10,11,168,1.3761389254796086e-06
32,10,11,169,1.019509909383487e-05
32,10,11,253,0.0002086896274704486
32,10,11,277,4.364462711237138e-07
32,10,11,278,1.0561320777924266e-06
32,10,12,168,1.4816940847595106e-06
32,10,12,169,1.8363860363024287e-05
32,10,12,253,2.5083169020945206e-05
32,10,12,277,1.3767404105635705e-08
32,10,12,278,4.351665339186184e-08
32,10,13,168,6.433821454265853e-06
32,10,13,169,6.831295468145981e-05
32,10,13,253,7.927627302706242e-05
32,10,13,277,5.797625362902181e-06
32,10,13,278,1.9549770513549447e-05
32,10,14,168,0.00011796969192801043
32,10,14,169,0.00019573078316170722
32,10,14,253,7.657543756067753e-05
32,10,14,277,9.01660223462386e-06
32,10,14,278,4.01208053517621e-05
32,10,15,168,1.749611328705214e-05
32,10,15,169,4.3572312279138714e-05
32,10,15,253,2.8365078833303414e-05
32,10,15,277,1.4674120620838949e-06
32,10,15,278,4.0853890936887183e-07
32,10,16,168,7.992109658516711e-07
32,10,16,169,4.319261734053725e-06
32,10,16,253,1.0912075595115311e-05
32,10,16,277,2.3033697971186484e-07
32,10,16,278,6.951989917070023e-08
32,10,17,168,1.358591816824628e-05
32,10,17,169,0.0001935305626830086
32,10,17,253,7.025565719231963e-05
32,10,17,277,1.480964056099765e-05
32,10,17,278,0.00010405009379610419
32,10,18,168,1.0813399057951756e-05
32,10,18,169,4.283350062905811e-05
32,10,18,253,4.072070441907272e-05
32,10,18,277,1.480123773944797e-05
32,10,18,278,2.502870120224543e-05
32,10,19,168,8.236976100306492e-06
32,10,19,169,5.628634971799329e-05
32,10,19,253,8.69161249283934e-06
32,10,19,277,1.7749904657193838e-07
32,10,19,278,2.4219193051067123e-07
32,10,20,168,1.1092585054939264e-06
32,10,20,169,1.6186389984795824e-05
32,10,20,253,7.328304150178155e-07
32,10,20,277,5.952451260782254e-07
32,10,20,278,8.876022548065521e-07
32,10,21,168,9.422354196431115e-06
32,10,21,169,1.737703314574901e-05
32,10,21,253,5.050117579230573e-06
32,10,21,277,2.4112554456223734e-05
32,10,21,278,0.0013417606242001057
32,10,22,168,1.2608324141183402e-05
32,10,22,169,0.00013420153118204325
32,10,22,253,4.467301096156007e-06
32,10,22,277,4.7678731789346784e-06
32,10,22,278,5.237763161858311e-06
32,10,23,168,1.5015071767265908e-05
32,10,23,169,5.736231469199993e-05
32,10,23,253,5.196939582674531e-06
32,10,23,277,8.427396664956177e-07
32,10,23,278,2.5975359108088014e-07
32,10,24,168,3.0582639283238677e-06
32,10,24,169,1.2593036444741301e-05
32,10,24,253,2.458512972225435e-05
32,10,24,277,0.00023810358834452927
32,10,24,278,2.283335561514832e-05
32,10,25,168,2.7323898393660784e-05
32,10,25,169,6.381030834745616e-05
32,10,25,253,3.289083542767912e-05
32,10,25,277,0.0008256309665739536
32,10,25,278,0.00023256365966517478
32,10,26,168,9.220532956533134e-05
32,10,26,169,0.0005527726607397199
32,10,26,253,3.298007413832238e-06
32,10,26,277,7.619794814672787e-06
32,10,26,278,1.1664445764836273e-06
32,10,27,168,0.0003435385297052562
32,10,27,169,0.0006774080684408545
32,10,27,253,4.2400530219310895e-05
32,10,27,277,7.354341505561024e-05
32,10,27,278,3.104830102529377e-05
32,10,28,168,8.169028296833858e-05
32,10,28,169,3.4357501135673374e-05
32,10,28,253,2.4867980755516328e-05
32,10,28,277,8.812786290945951e-06
32,10,28,278,3.8561891415156424e-05
32,10,29,168,6.265650154091418e-05
32,10,29,169,0.0003075543500017375
32,10,29,253,3.5067391763732303e-06
32,10,29,277,5.657159363181563e-06
32,10,29,278,6.96113238518592e-06
32,10,30,168,0.00029242021264508367
32,10,30,169,0.0017012185417115688
32,10,30,253,9.936025890056044e-06
32,10,30,277,3.5168133763363585e-05
32,10,30,278,7.268707577168243e-06
32,10,31,168,0.00018191387061960995
32,10,31,169,0.00022494695440400392
32,10,31,253,3.641519651864655e-05
32,10,31,277,2.2379874280886725e-05
32,10,31,278,3.236219345126301e-05
32,10,32,168,0.00018135308346245438
32,10,32,169,0.00026146104210056365
32,10,32,253,1.6797428543213755e-05
32,10,32,277,9.179888002108783e-05
32,10,32,278,0.00011689776874845847
32,10,33,168,0.0004964107065461576
32,10,33,169,0.0005345740355551243
32,10,33,253,3.090998507104814e-05
32,10,33,277,7.518795428040903e-06
32,10,33,278,3.1351999041362433e-06
32,10,34,168,0.0007076869951561093
32,10,34,169,0.00018951577658299357
32,10,34,253,1.5256939150276594e-05
32,10,34,277,9.351754852104932e-05
32,10,34,278,1.649880869081244e-05
32,10,35,168,0.0013296748511493206
32,10,35,169,0.00037434446858242154
32,10,35,253,9.800526640901808e-06
32,10,35,277,0.001581539516337216
32,10,35,278,0.00014391375589184463
32,10,36,168,0.00010521135845920071
32,10,36,169,7.88026227382943e-05
32,10,36,253,2.4810693503241055e-05
32,10,36,277,0.00023978695389814675
32,10,36,278,3.056383866351098e-05
32,10,37,168,0.00016483452054671943
32,10,37,169,5.5018379498505965e-05
32,10,37,253,6.839341949671507e-05
32,10,37,277,0.00013941842189524323
32,10,37,278,5.5387845350196585e-05
32,10,38,168,7.210135663626716e-05
32,10,38,169,5.253974086372182e-05
32,10,38,253,2.1524821931961924e-05
32,10,38,277,2.1205947632552125e-05
32,10,38,278,4.281546353013255e-05
32,10,39,168,6.397366087185219e-05
32,10,39,169,3.174655284965411e-05
32,10,39,253,7.2490715865569655e-06
32,10,39,277,3.1396117265103385e-05
32,10,39,278,4.30749096267391e-05
32,10,40,168,5.9627709561027586e-05
32,10,40,169,5.059114482719451e-05
32,10,40,253,3.2108044251799583e-05
32,10,40,277,2.0507897716015577e-05
32,10,40,278,9.220297943102196e-05
32,10,41,168,4.0441820601699874e-05
32,10,41,169,0.0001289124193135649
32,10,41,253,1.3983897588332184e-05
32,10,41,277,1.0890327757806517e-05
32,10,41,278,1.3773401406069752e-05
32,10,42,168,2.1589356038020924e-05
32,10,42,169,2.0121782654314302e-05
32,10,42,253,1.737196907924954e-05
32,10,42,277,3.0167653676471673e-05
32,10,42,278,3.483805267023854e-05
32,10,43,168,2.9433944291668013e-05
32,10,43,169,5.841807433171198e-05
32,10,43,253,5.462280023493804e-05
32,10,43,277,0.00021269623539410532
32,10,43,278,1.773915209923871e-05
32,10,44,168,8.002129106898792e-06
32,10,44,169,4.4364642235450447e-05
32,10,44,253,1.54493136506062e-05
32,10,44,277,2.551729494371102e-07
32,10,44,278,5.452589562082721e-07
32,10,45,168,5.249110472504981e-05
32,10,45,169,0.00041596038499847054
32,10,45,253,8.614444959675893e-05
32,10,45,277,3.0737683118786663e-06
32,10,45,278,3.1175197818811284e-06
32,10,46,168,5.9992860769852996e-05
32,10,46,169,4.7060359065653756e-05
32,10,46,253,1.1774271797548863e-06
32,10,46,277,4.419811375555582e-06
32,10,46,278,9.5273553597508e-06
32,10,47,168,5.552505172090605e-05
32,10,47,169,0.00020892269094474614
32,10,47,253,1.9690878616529517e-06
32,10,47,277,2.5086280857067322e-06
32,10,47,278,1.306603280681884e-05
32,10,48,168,5.604571560979821e-05
32,10,48,169,9.284725092584267e-05
32,10,48,253,0.00015568395610898733
32,10,48,277,0.00044646376045420766
32,10,48,278,8.804557000985369e-05
32,10,49,168,3.01095451504807e-06
32,10,49,169,2.0405621398822404e-05
32,10,49,253,1.0482877769391052e-05
32,10,49,277,3.805640517384745e-06
32,10,49,278,1.9537965272320434e-06
32,10,50,168,4.689357865572674e-06
32,10,50,169,8.18162334326189e-06
32,10,50,253,2.8306620151852258e-05
32,10,50,277,7.806400390109047e-06
32,10,50,278,0.00011965088924625888
32,10,51,168,1.6225681974901818e-05
32,10,51,169,1.2914299986732658e-05
32,10,51,253,1.902687813526427e-06
32,10,51,277,5.4500258528378254e-08
32,10,51,278,4.2341125094935705e-07
32,10,52,168,6.055905487301061e-06
32,10,52,169,3.3850442378025036e-06
32,10,52,253,7.506368547183229e-06
32,10,52,277,7.51138122723205e-06
32,10,52,278,8.01736405264819e-06
32,10,53,168,3.689319419208914e-05
32,10,53,169,1.2627017895283643e-05
32,10,53,253,5.441097528091632e-06
32,10,53,277,1.0870977348531596e-05
32,10,53,278,7.932681910460815e-06
32,10,54,168,1.8924942196463235e-05
32,10,54,169,6.80547600495629e-05
32,10,54,253,7.312362413358642e-06
32,10,54,277,6.209263005985122e-07
32,10,54,278,2.744511675700778e-06
32,10,55,168,4.1071198211284354e-05
32,10,55,169,2.9440347134368494e-05
32,10,55,253,1.5840641935938038e-05
32,10,55,277,4.10606025980087e-06
32,10,55,278,6.290413807619188e-07
32,10,56,168,2.681988917174749e-05
32,10,56,169,2.9123099011485465e-05
32,10,56,253,4.2699521145550534e-05
32,10,56,277,3.922824362234678e-06
32,10,56,278,1.51891763380263e-05
32,10,57,168,6.950142415007576e-05
32,10,57,169,4.323847315390594e-05
32,10,57,253,1.526917731098365e-05
32,10,57,277,1.0773597750812769e-05
32,10,57,278,4.200437615509145e-06
32,10,58,168,5.7048779126489535e-05
32,10,58,169,2.6169274860876612e-05
32,10,58,253,8.189218760890071e-07
32,10,58,277,4.4140268329329047e-08
32,10,58,278,2.138320276401373e-08
32,10,59,168,6.856745312688872e-05
32,10,59,169,5.599152791546658e-05
32,10,59,253,7.86591613177734e-07
32,10,59,277,5.2549204099250346e-08
32,10,59,278,2.3863037768023787e-08
32,10,60,168,0.0002573501842562109
32,10,60,169,4.940307917422615e-05
32,10,60,253,1.9784386040555546e-06
32,10,60,277,6.107014769440866e-07
32,10,60,278,1.821721298256307e-06
32,10,61,168,0.00036303469096310437
32,10,61,169,0.00028004017076455057
32,10,61,253,9.359154319099616e-06
32,10,61,277,4.019533207610948e-06
32,10,61,278,2.318666247447254e-06
32,10,62,168,0.0004077172197867185
32,10,62,169,0.00030605061328969896
32,10,62,253,1.3952950439488632e-06
32,10,62,277,6.56354700367956e-07
32,10,62,278,5.059331442680559e-07
32,10,63,168,0.00019002161570824683
32,10,63,169,0.0001605438010301441
32,10,63,253,4.200965577183524e-06
32,10,63,277,1.332614715465752e-06
32,10,63,278,5.233056867837149e-07
32,10,64,168,0.0004504252574406564
32,10,64,169,0.00011426839046180248
32,10,64,253,1.1400073162803892e-05
32,10,64,277,4.621908828994492e-06
32,10,64,278,7.616893640260969e-07
32,10,65,168,8.471123146591708e-05
32,10,65,169,8.788159902906045e-05
32,10,65,253,6.532179213536438e-06
32,10,65,277,9.252180888097428e-08
32,10,65,278,2.1071356570701028e-07
32,10,66,168,4.994371556676924e-05
32,10,66,169,0.00024166870571207255
32,10,66,253,8.826878911349922e-06
32,10,66,277,1.2343816990778578e-07
32,10,66,278,9.131385922955815e-07
32,10,67,168,0.00012681237421929836
32,10,67,169,0.00027430005138739944
32,10,67,253,0.00019659206736832857
32,10,67,277,2.037708691204898e-05
32,10,67,278,6.948238296899945e-05
32,10,68,168,5.355589382816106e-05
32,10,68,169,0.00012596015585586429
32,10,68,253,0.00016493024304509163
32,10,68,277,1.3099301213514991e-05
32,10,68,278,1.5846559108467773e-05
32,10,69,168,2.471975312801078e-05
32,10,69,169,0.00015281038940884173
32,10,69,253,0.00016121071530506015
32,10,69,277,3.9235355870914645e-06
32,10,69,278,2.2309872292680666e-05
32,10,70,168,0.00016606313874945045
32,10,70,169,0.0012035095132887363
32,10,70,253,0.00018487454508431256
32,10,70,277,4.169053863734007e-05
32,10,70,278,5.8212841395288706e-05
32,10,71,168,0.00023344656801782548
32,10,71,169,0.0005802660598419607
32,10,71,253,4.771192470798269e-05
32,10,71,277,9.825369488680735e-06
32,10,71,278,1.256899668078404e-05
32,10,72,168,0.0004109091532882303
32,10,72,169,0.0010424903593957424
32,10,72,253,4.818750676349737e-05
32,10,72,277,1.1534039003890939e-05
32,10,72,278,4.458496732695494e-06
32,10,73,168,4.6618519263574854e-05
32,10,73,169,0.00027270798454992473
32,10,73,253,7.527594334533205e-06
32,10,73,277,5.964712272543693e-06
32,10,73,278,3.340177727295668e-06
32,10,74,168,2.7791767934104428e-05
32,10,74,169,0.00010407437366666272
32,10,74,253,1.6856229194672778e-06
32,10,74,277,3.0119940674921963e-06
32,10,74,278,5.380580887504038e-07
32,10,75,168,0.0001037738547893241
32,10,75,169,0.00013421096082311124
32,10,75,253,6.375618795573246e-06
32,10,75,277,3.9350152292172424e-07
32,10,75,278,1.5065010927628464e-07
32,10,76,168,5.63744360988494e-05
32,10,76,169,0.0003195361641701311
32,10,76,253,1.0449456567585003e-05
32,10,76,277,1.0279351414510529e-07
32,10,76,278,3.0448433108176687e-07
32,10,77,168,0.00015069491928443313
32,10,77,169,0.0003811287460848689
32,10,77,253,4.11010259995237e-05
32,10,77,277,8.121361133817118e-06
32,10,77,278,1.1089496183558367e-05
32,10,78,168,0.000254818209214136
32,10,78,169,0.00013332375965546817
32,10,78,253,4.768644066643901e-05
32,10,78,277,2.1229221601970494e-05
32,10,78,278,1.3780683730146848e-05
32,10,79,168,0.0001116928833653219
32,10,79,169,0.00014914975326973945
32,10,79,253,2.3164544472820126e-05
32,10,79,277,5.233557658357313e-06
32,10,79,278,2.8645956717809895e-06
32,10,80,168,8.096551755443215e-05
32,10,80,169,0.00012001344293821603
32,10,80,253,2.4371272502321517e-06
32,10,80,277,4.36071377407643e-06
32,10,80,278,2.1787457171740243e-07
32,10,81,168,1.1678105693135876e-05
32,10,81,169,2.089543158945162e-05
32,10,81,253,4.127480679017026e-06
32,10,81,277,1.4251299944589846e-06
32,10,81,278,5.321722369444615e-07
32,10,82,168,0.00013867254892829806
32,10,82,169,0.00013102598313707858
32,10,82,253,1.621543924557045e-05
32,10,82,277,3.829255092568928e-06
32,10,82,278,4.591404831444379e-06
32,10,83,168,0.00010418600868433714
32,10,83,169,0.00016131551819853485
32,10,83,253,7.001544872764498e-06
32,10,83,277,9.377222909279226e-07
32,10,83,278,1.4400453665075474e-06
32,10,84,168,3.398193803150207e-05
32,10,84,169,7.808517693774775e-05
32,10,84,253,6.554563469762797e-07
32,10,84,277,5.899555048927141e-07
32,10,84,278,4.324368205743667e-07
32,10,85,168,5.0227077736053616e-05
32,10,85,169,2.6435242034494877e-05
32,10,85,253,8.188608262571506e-06
32,10,85,277,6.088446389185265e-05
32,10,85,278,5.725471055484377e-05
32,10,86,168,6.888571988383774e-06
32,10,86,169,3.462881795712747e-05
32,10,86,253,7.454341357515659e-06
32,10,86,277,7.338891919062007e-06
32,10,86,278,8.015398634597659e-06
32,10,87,168,1.7094916984206066e-05
32,10,87,169,6.707636930514127e-05
32,10,87,253,3.2588188787485706e-06
32,10,87,277,8.217749382311013e-06
32,10,87,278,1.2266161320440006e-05
32,10,88,168,1.8924745745607652e-05
32,10,88,169,0.00012092119141016155
32,10,88,253,6.496336482086917e-06
32,10,88,277,4.6230899897636846e-05
32,10,88,278,6.858224514871836e-05
32,10,89,168,4.312915280024754e-06
32,10,89,169,7.926668331492692e-06
32,10,89,253,1.203526949211664e-06
32,10,89,277,5.741232484979264e-07
32,10,89,278,9.32538114284398e-06
32,10,90,168,3.1626941563445143e-06
32,10,90,169,2.6774303023557877e-06
32,10,90,253,1.470766193278905e-07
32,10,90,277,1.8215110912933596e-06
32,10,90,278,1.2348267546258285e-06
32,10,91,168,2.218111876572948e-05
32,10,91,169,3.683942122734152e-05
32,10,91,253,1.1740856820097179e-07
32,10,91,277,3.104676216025837e-05
32,10,91,278,8.217591016546066e-07
32,10,92,168,2.3869832148193382e-05
32,10,92,169,5.752478682552464e-05
32,10,92,253,3.410930958125391e-06
32,10,92,277,5.191690070205368e-05
32,10,92,278,2.5058585379156284e-05
32,10,93,168,4.648392859962769e-06
32,10,93,169,9.208638402924407e-06
32,10,93,253,4.0944632928585634e-07
32,10,93,277,5.975703061267268e-07
32,10,93,278,4.115436695428798e-06
32,10,94,168,1.2480305485951249e-05
32,10,94,169,9.799515828490257e-05
32,10,94,253,8.197896477213362e-07
32,10,94,277,4.791511400981108e-06
32,10,94,278,1.1387813174223993e-05
32,10,95,168,3.984666909673251e-05
32,10,95,169,2.238764864159748e-05
32,10,95,253,9.507439244771376e-06
32,10,95,277,1.7540252883918583e-05
32,10,95,278,6.136137380963191e-05
32,10,96,168,0.00016690265329089016
32,10,96,169,8.568746852688491e-05
32,10,96,253,4.196100178432971e-07
32,10,96,277,7.1382123678631615e-06
32,10,96,278,8.175576112989802e-06
32,10,97,168,6.439079879783094e-05
32,10,97,169,6.842987204436213e-05
32,10,97,253,5.617957299364207e-07
32,10,97,277,3.139252294204198e-05
32,10,97,278,2.9444963729474694e-05
32,10,98,168,6.540910362673458e-06
32,10,98,169,1.382334539812291e-05
32,10,98,253,1.2681118732871255e-07
32,10,98,277,7.863973223720677e-06
32,10,98,278,6.337920694932109e-06
32,10,99,168,3.1792325899004936e-05
32,10,99,169,2.8081094569643028e-05
32,10,99,253,9.821489584282972e-06
32,10,99,277,2.987394509545993e-06
32,10,99,278,6.504423708975082e-06
32,10,100,168,8.514380169799551e-06
32,10,100,169,4.0685317799216136e-05
32,10,100,253,7.169050491029338e-07
32,10,100,277,8.603115020378027e-07
32,10,100,278,5.42970042261004e-07
32,10,101,168,0.00021954771364107728
32,10,101,169,0.001155981095507741
32,10,101,253,8.405267726629972e-05
32,10,101,277,1.9724304365809076e-05
32,10,101,278,2.4364115233765915e-05
32,10,102,168,5.112377039040439e-05
32,10,102,169,2.7614867576630786e-05
32,10,102,253,9.862238584901206e-06
32,10,102,277,4.088858077011537e-06
32,10,102,278,4.762835487781558e-06
32,10,103,168,0.00021089662914164364
32,10,103,169,0.0001023908334900625
32,10,103,253,0.00013354912516660988
32,10,103,277,0.0004971278831362724
32,10,103,278,0.00011255277058808133
32,10,104,168,0.0002545577590353787
32,10,104,169,0.001009427709504962
32,10,104,253,5.320814670994878e-05
32,10,104,277,9.697957466414664e-06
32,10,104,278,2.2551362235390116e-06
32,10,105,168,0.0004016035236418247
32,10,105,169,0.00018415518570691347
32,10,105,253,4.71211205876898e-05
32,10,105,277,4.1294974835182074e-06
32,10,105,278,2.744694756984245e-05
32,10,106,168,5.578594937105663e-05
32,10,106,169,2.1864201698917896e-05
32,10,106,253,3.3742693631211296e-05
32,10,106,277,2.6288423669029726e-06
32,10,106,278,4.497106419876218e-05
32,10,107,168,0.0001466730172978714
32,10,107,169,4.438988253241405e-05
32,10,107,253,3.785771332331933e-05
32,10,107,277,8.821778578749218e-07
32,10,107,278,3.331683728902135e-06
32,10,108,168,0.0003056960122194141
32,10,108,169,0.0005374873289838433
32,10,108,253,2.9900767913204618e-05
32,10,108,277,4.740689746540738e-06
32,10,108,278,2.3718723696219968e-06
32,10,109,168,0.0005709361867047846
32,10,109,169,0.00023577435058541596
32,10,109,253,4.982045720680617e-05
32,10,109,277,2.700782715692185e-05
32,10,109,278,4.305796664993977e-06
32,10,110,168,0.0018463520100340247
32,10,110,169,0.0011972179636359215
32,10,110,253,0.00011861159146064892
32,10,110,277,0.0012819315306842327
32,10,110,278,7.905395614216104e-05
32,10,111,168,0.0006797144305892289
32,10,111,169,0.00024521120940335095
32,10,111,253,0.001188727212138474
32,10,111,277,0.00013929519627708942
32,10,111,278,0.00021022729924879968
32,10,112,168,0.0005520625854842365
32,10,112,169,0.000356715900124982
32,10,112,253,0.0006113999406807125
32,10,112,277,1.0000298971135635e-05
32,10,112,278,1.6607538100288366e-06
32,10,113,168,0.0009154949802905321
32,10,113,169,0.002947231288999319
32,10,113,253,0.00016750382201280445
32,10,113,277,2.9275852284627035e-06
32,10,113,278,9.480687594987103e-07
32,10,114,168,0.000867841299623251
32,10,114,169,0.0018383610295131803
32,10,114,253,0.00022376765264198184
32,10,114,277,1.44173827720806e-05
32,10,114,278,7.4501667768345214e-06
32,10,115,168,0.0006883564637973905
32,10,115,169,0.00025368350907228887
32,10,115,253,3.3769640140235424e-05
32,10,115,277,6.894644570820674e-07
32,10,115,278,8.795937844752189e-08
32,10,116,168,0.0002487028541509062
32,10,116,169,0.0008373305900022388
32,10,116,253,0.0001333268010057509
32,10,116,277,3.906478013959713e-06
32,10,116,278,1.0802772294482565e-06
32,10,117,168,6.201589712873101e-05
32,10,117,169,0.00037026952486485243
32,10,117,253,6.209881394170225e-05
32,10,117,277,2.6935100322589278e-05
32,10,117,278,3.1694293284090236e-05
32,10,118,168,0.00021283332898747176
32,10,118,169,0.000570539734326303
32,10,118,253,0.00044425862142816186
32,10,118,277,4.9614613089943305e-05
32,10,118,278,9.834285447141156e-05
32,10,119,168,0.004695115610957146
32,10,119,169,0.015122998505830765
32,10,119,253,9.745544230099767e-05
32,10,119,277,2.231527105323039e-06
32,10,119,278,8.507999638140973e-08
32,10,120,168,0.0004691454814746976
32,10,120,169,0.003330705687403679
32,10,120,253,0.00011411977902753279
32,10,120,277,1.4182166978571331e-06
32,10,120,278,3.207351255696267e-07
32,10,121,168,0.00204984238371253
32,10,121,169,0.003152239602059126
32,10,121,253,5.8681318478193134e-05
32,10,121,277,3.590442020140472e-06
32,10,121,278,4.745810656459071e-06
32,10,122,168,0.0010533835738897324
32,10,122,169,0.0012686088448390365
32,10,122,253,0.0001324247568845749
32,10,122,277,2.5581439331290312e-05
32,10,122,278,1.847927524067927e-05
32,10,123,168,0.0008497361559420824
32,10,123,169,0.0008698601159267128
32,10,123,253,6.381766070262529e-06
32,10,123,277,1.7145433162113477e-07
32,10,123,278,1.4124231029200018e-07
32,10,124,168,0.0010687494650483131
32,10,124,169,0.001156794372946024
32,10,124,253,2.3532081740995636e-06
32,10,124,277,1.3342209115307924e-07
32,10,124,278,4.0345486951309795e-08
32,10,125,168,0.0007258106488734484
32,10,125,169,0.0019860053434967995
32,10,125,253,8.72579767019488e-06
32,10,125,277,8.884226190275513e-07
32,10,125,278,1.3468658153215074e-06
32,10,126,168,0.0006747514707967639
32,10,126,169,0.00185926363337785
32,10,126,253,4.597608858603053e-05
32,10,126,277,1.0718117664509919e-06
32,10,126,278,4.520960374065908e-06
32,10,127,168,0.0010532514424994588
32,10,127,169,0.0017390319844707847
32,10,127,253,1.5941537867547595e-06
32,10,127,277,9.397483040629595e-07
32,10,127,278,3.9213372815538605e-07
32,10,128,168,0.0027684420347213745
32,10,128,169,0.003414659295231104
32,10,128,253,2.8539989216369577e-06
32,10,128,277,2.1487785488716327e-05
32,10,128,278,3.6322587675385876e-06
32,10,129,168,0.0018559932941570878
32,10,129,169,0.0005830106092616916
32,10,129,253,9.19495869311504e-06
32,10,129,277,0.000291826028842479
32,10,129,278,0.00018083852773997933
32,10,130,168,0.004829373676329851
32,10,130,169,0.0029398207552731037
32,10,130,253,5.270375550026074e-05
32,10,130,277,6.635430327150971e-05
32,10,130,278,2.791299448290374e-05
32,10,131,168,0.000527246156707406
32,10,131,169,0.0008474505739286542
32,10,131,253,9.218493687512819e-06
32,10,131,277,2.3539653284387896e-06
32,10,131,278,5.561629222938791e-06
32,10,132,168,0.000323274580296129
32,10,132,169,0.0007280888967216015
32,10,132,253,4.723954134533415e-06
32,10,132,277,4.8740989768703e-06
32,10,132,278,7.419918802042957e-06
32,10,133,168,0.0005127529730089009
32,10,133,169,0.0006549516110680997
32,10,133,253,0.00011170626385137439
32,10,133,277,0.0002702440833672881
32,10,133,278,0.0003677345812320709
32,10,134,168,0.000243850372498855
32,10,134,169,0.0002872284094337374
32,10,134,253,1.451847765565617e-06
32,10,134,277,2.0223616957082413e-05
32,10,134,278,3.2619163903291337e-06
32,10,135,168,0.0002633066615089774
32,10,135,169,0.00022053449356462806
32,10,135,253,8.780479220149573e-06
32,10,135,277,0.0002771365107037127
32,10,135,278,4.543597242445685e-05
32,10,136,168,0.0002659430610947311
32,10,136,169,7.833602285245433e-05
32,10,136,253,3.9270023989956826e-05
32,10,136,277,0.0006082767504267395
32,10,136,278,0.0009902275633066893
32,10,137,168,0.0017614285461604595
32,10,137,169,0.0007924644742161036
32,10,137,253,0.0006308956071734428
32,10,137,277,0.002919356571510434
32,10,137,278,0.0004962652456015348
32,10,138,168,0.00031898272573016584
32,10,138,169,0.000200631155166775
32,10,138,253,1.2441068975022063e-05
32,10,138,277,4.988387445337139e-05
32,10,138,278,8.014163540792651e-06
32,10,139,168,0.0012769848108291626
32,10,139,169,0.0006298157968558371
32,10,139,253,2.711808519961778e-05
32,10,139,277,0.0017364474479109049
32,10,139,278,9.63653001235798e-05
32,10,140,168,0.004652221687138081
32,10,140,169,0.0005098272231407464
32,10,140,253,0.00013995134213473648
32,10,140,277,0.002271936973556876
32,10,140,278,0.0011214562691748142
32,10,141,168,0.0005148368654772639
32,10,141,169,0.0001725613692542538
32,10,141,253,3.10254908981733e-05
32,10,141,277,0.003885903861373663
32,10,141,278,0.00021227910474408418
32,10,142,168,0.0001952291204361245
32,10,142,169,0.0003608241386245936
32,10,142,253,6.638574996031821e-05
32,10,142,277,0.0009522601612843573
32,10,142,278,5.322836295817979e-05
32,10,143,168,0.0004892413271591067
32,10,143,169,0.0004387953085824847
32,10,143,253,9.984292410081252e-05
32,10,143,277,0.001060203998349607
32,10,143,278,0.0006876998231746256
32,10,144,168,0.000690121203660965
32,10,144,169,0.003021297510713339
32,10,144,253,0.00014361785724759102
32,10,144,277,6.005576506140642e-05
32,10,144,278,6.024432514095679e-05
32,10,145,168,0.00023926996800582856
32,10,145,169,0.0005373784806579351
32,10,145,253,9.821933053899556e-05
32,10,145,277,0.00010300794383510947
32,10,145,278,8.239135058829561e-05
32,10,146,168,0.0005847145221196115
32,10,146,169,0.004490253981202841
32,10,146,253,0.00010304587340215221
32,10,146,277,6.711170135531574e-05
32,10,146,278,6.252158345887437e-05
32,10,147,168,0.0005092678475193679
32,10,147,169,0.0006235159817151725
32,10,147,253,2.550704448367469e-05
32,10,147,277,2.8971655410714447e-05
32,10,147,278,9.905140359478537e-06
32,10,148,168,0.00101771904155612
32,10,148,169,0.0008445615530945361
32,10,148,253,2.9104281566105783e-05
32,10,148,277,1.970618723134976e-05
32,10,148,278,1.1809574971266557e-05
32,10,149,168,0.0015351488254964352
32,10,149,169,0.001791089423932135
32,10,149,253,0.00018496646953281015
32,10,149,277,9.642296936362982e-05
32,10,149,278,1.6781337762949988e-05
32,10,150,168,0.0006336902733892202
32,10,150,169,0.0023803270887583494
32,10,150,253,5.7050594477914274e-05
32,10,150,277,2.2381404050975107e-05
32,10,150,278,4.160805019637337e-06
32,10,151,168,0.0016250936314463615
32,10,151,169,0.010487591847777367
32,10,151,253,4.254552914062515e-05
32,10,151,277,4.606201400747523e-06
32,10,151,278,3.7915892789897043e-06
32,10,152,168,0.002586347982287407
32,10,152,169,0.010942796245217323
32,10,152,253,8.936336234910414e-05
32,10,152,277,8.572334991185926e-06
32,10,152,278,1.4090627473706263e-06
32,10,153,168,0.002538729691877961
32,10,153,169,0.011639658361673355
32,10,153,253,1.961553789442405e-05
32,10,153,277,5.924427114223363e-06
32,10,153,278,3.5021537314605666e-07
32,10,154,168,0.0073234462179243565
32,10,154,169,0.018076634034514427
32,10,154,253,5.966828393866308e-05
32,10,154,277,7.109023954399163e-06
32,10,154,278,7.46909165627585e-07
32,10,155,168,0.004861833527684212
32,10,155,169,0.019841985777020454
32,10,155,253,0.00012481078738346696
32,10,155,277,4.026672831969336e-05
32,10,155,278,2.113416257998324e-06
32,10,156,168,0.0055574094876646996
32,10,156,169,0.015975335612893105
32,10,156,253,3.788790127146058e-05
32,10,156,277,1.2097465514671057e-05
32,10,156,278,8.646621267871524e-07
32,10,157,168,0.011028262786567211
32,10,157,169,0.03591172769665718
32,10,157,253,0.0001931733568198979
32,10,157,277,3.659903450170532e-05
32,10,157,278,1.0322404477847158e-06
32,10,158,168,0.013559356331825256
32,10,158,169,0.025168225169181824
32,10,158,253,2.7468040570965968e-05
32,10,158,277,5.611145752482116e-06
32,10,158,278,1.3055102954240283e-07
32,10,159,168,0.013141149654984474
32,10,159,169,0.04282144829630852
32,10,159,253,1.8138667655875906e-05
32,10,159,277,7.567106422357028e-06
32,10,159,278,6.232551186258206e-08
32,10,160,168,0.009529482573270798
32,10,160,169,0.03586716577410698
32,10,160,253,1.0822328476933762e-05
32,10,160,277,3.6296476082497975e-06
32,10,160,278,1.3555444411395e-07
32,10,161,168,0.058097824454307556
32,10,161,169,0.08744420111179352
32,10,161,253,2.3070364477462135e-05
32,10,161,277,2.810788464557845e-05
32,10,161,278,6.183348091326479e-07
32,10,162,168,0.021707933396100998
32,10,162,169,0.039798278361558914
32,10,162,253,2.4980956368381158e-05
32,10,162,277,3.434131940593943e-05
32,10,162,278,1.7904159221870941e-06
32,10,163,168,0.04136646166443825
32,10,163,169,0.0471406951546669
32,10,163,253,5.6973749451572075e-05
32,10,163,277,0.0003089288074988872
32,10,163,278,4.9429854698246345e-06
32,10,164,168,0.06124349683523178
32,10,164,169,0.03187870979309082
32,10,164,253,7.580396777484566e-05
32,10,164,277,5.303549914970063e-05
32,10,164,278,4.09162475989433e-06
32,10,165,168,0.09451081603765488
32,10,165,169,0.02552669681608677
32,10,165,253,2.158067945856601e-05
32,10,165,277,0.0001460076164221391
32,10,165,278,1.5408086255774833e-06
32,10,166,168,0.23113203048706055
32,10,166,169,0.027232853695750237
32,10,166,253,6.373541691573337e-05
32,10,166,277,0.0014642534079030156
32,10,166,278,1.0610298886604141e-05
32,10,167,168,0.029476704075932503
32,10,167,169,0.02888227440416813
32,10,167,253,0.0003427740011829883
32,10,167,277,0.001429169555194676
32,10,167,278,4.0325910958927125e-05
32,10,168,168,0.03460632264614105
32,10,168,169,0.028426479548215866
32,10,168,253,0.0002419918164378032
32,10,168,277,0.001502498402260244
32,10,168,278,0.00023770699044689536
32,10,169,168,0.011337367817759514
32,10,169,169,0.08686618506908417
32,10,169,253,0.00015120298485271633
32,10,169,277,0.0012426640605553985
32,10,169,278,0.00033156940480694175
32,10,170,168,0.03230023384094238
32,10,170,169,0.046272069215774536
32,10,170,253,0.00010538521746639162
32,10,170,277,0.00041643987060524523
32,10,170,278,5.7154753449140117e-05
32,10,171,168,0.012593880295753479
32,10,171,169,0.025056874379515648
32,10,171,253,0.00022933758737053722
32,10,171,277,0.000552480632904917
32,10,171,278,8.968223119154572e-05
32,10,172,168,0.047738347202539444
32,10,172,169,0.0215523112565279
32,10,172,253,0.00017213680257555097
32,10,172,277,0.0011125790188089013
32,10,172,278,0.00019261057605035603
32,10,173,168,0.03642289713025093
32,10,173,169,0.02698347344994545
32,10,173,253,7.595535134896636e-05
32,10,173,277,0.004114690236747265
32,10,173,278,0.0005626225029118359
32,10,174,168,0.006419244222342968
32,10,174,169,0.015507394447922707
32,10,174,253,6.89552107360214e-05
32,10,174,277,0.004486933350563049
32,10,174,278,0.002867201343178749
32,10,175,168,0.002080045873299241
32,10,175,169,0.018299413844943047
32,10,175,253,9.385310113430023e-05
32,10,175,277,0.0016048497054725885
32,10,175,278,0.001384366420097649
32,10,176,168,0.0009341133409179747
32,10,176,169,0.006018876098096371
32,10,176,253,0.0001808991946745664
32,10,176,277,0.0011630095541477203
32,10,176,278,0.0002690736437216401
32,10,177,168,0.0036334057804197073
32,10,177,169,0.021294189617037773
32,10,177,253,0.0003330398176331073
32,10,177,277,0.0005821507656946778
32,10,177,278,0.00019477619207464159
32,10,178,168,0.0013964757090434432
32,10,178,169,0.004937302321195602
32,10,178,253,2.7837995730806142e-05
32,10,178,277,0.0002376067277509719
32,10,178,278,0.00030453596264123917
32,10,179,168,0.002100779674947262
32,10,179,169,0.001972986152395606
32,10,179,253,0.00010842062329174951
32,10,179,277,0.0025129076093435287
32,10,179,278,0.0016741249710321426
32,10,180,168,0.0009908112697303295
32,10,180,169,0.010198627598583698
32,10,180,253,0.0002474532520864159
32,10,180,277,0.0009257033234462142
32,10,180,278,0.0004277448169887066
32,10,181,168,0.0001481049257563427
32,10,181,169,0.0014075859216973186
32,10,181,253,0.00014670165546704084
32,10,181,277,0.00039561596349813044
32,10,181,278,0.0001504871906945482
32,10,182,168,0.00022699050896335393
32,10,182,169,0.0006898155552335083
32,10,182,253,9.637895709602162e-05
32,10,182,277,0.0001839446631493047
32,10,182,278,0.00039788676076568663
32,10,183,168,0.00021783349802717566
32,10,183,169,0.0002958390978164971
32,10,183,253,0.00015473217354156077
32,10,183,277,0.0006049214862287045
32,10,183,278,0.0005490942858159542
32,10,184,168,0.0001362168841296807
32,10,184,169,0.0004184887802693993
32,10,184,253,0.0001842160418163985
32,10,184,277,6.817979738116264e-05
32,10,184,278,6.801075505791232e-05
32,10,185,168,0.00025500429910607636
32,10,185,169,0.0007081842632032931
32,10,185,253,0.00014950068725738674
32,10,185,277,9.52923292061314e-05
32,10,185,278,0.00022630213061347604
32,10,186,168,0.00022033466666471213
32,10,186,169,0.0011361727956682444
32,10,186,253,0.00014566830941475928
32,10,186,277,0.00012151245027780533
32,10,186,278,0.0013594493502750993
32,10,187,168,0.00013995642075315118
32,10,187,169,0.0006488015642389655
32,10,187,253,0.0006826312746852636
32,10,187,277,0.0002712574787437916
32,10,187,278,0.007910189218819141
32,10,188,168,9.285267151426524e-05
32,10,188,169,0.0002729700645431876
32,10,188,253,4.2731269786600024e-05
32,10,188,277,5.410273388406495e-06
32,10,188,278,3.437203849898651e-05
32,10,189,168,1.9033772332477383e-05
32,10,189,169,2.324443994439207e-05
32,10,189,253,3.412468504393473e-05
32,10,189,277,1.0505806130822748e-05
32,10,189,278,2.9689235816476867e-05
32,10,190,168,7.240354898385704e-05
32,10,190,169,0.0004080613434780389
32,10,190,253,4.7176607040455565e-05
32,10,190,277,5.404055627877824e-05
32,10,190,278,0.000882251828443259
32,10,191,168,9.06835775822401e-05
32,10,191,169,0.00017782229406293482
32,10,191,253,0.00010285551252309233
32,10,191,277,0.00010351467790314928
32,10,191,278,0.0032564185094088316
32,10,192,168,2.3585058443131857e-05
32,10,192,169,6.95615672157146e-05
32,10,192,253,4.759145303978585e-05
32,10,192,277,3.708320946316235e-05
32,10,192,278,7.903076038928702e-05
32,10,193,168,4.8984743443725165e-06
32,10,193,169,3.029054460057523e-05
32,10,193,253,7.298938726307824e-05
32,10,193,277,2.4124681658577174e-05
32,10,193,278,0.0003574853762984276
32,10,194,168,1.661805436015129e-05
32,10,194,169,0.00026326763327233493
32,10,194,253,0.00032943766564130783
32,10,194,277,0.00023970621987245977
32,10,194,278,0.0063671208918094635
32,10,195,168,4.6994049625936896e-05
32,10,195,169,0.0002879854873754084
32,10,195,253,0.00022137415362522006
32,10,195,277,1.9252081983722746e-05
32,10,195,278,0.00017234685947187245
32,10,196,168,2.124423554050736e-05
32,10,196,169,5.885232167202048e-05
32,10,196,253,8.29043856356293e-05
32,10,196,277,4.926225301460363e-06
32,10,196,278,3.451744487392716e-05
32,10,197,168,0.0001364302879665047
32,10,197,169,4.8766927648102865e-05
32,10,197,253,0.0001411634002579376
32,10,197,277,0.0010755903786048293
32,10,197,278,0.0020997626706957817
32,10,198,168,7.909791747806594e-05
32,10,198,169,0.00022446477669291198
32,10,198,253,0.0001025481105898507
32,10,198,277,0.0007626425358466804
32,10,198,278,0.1359453648328781
32,10,199,168,0.00012884392344858497
32,10,199,169,0.00018774878117255867
32,10,199,253,0.00018431266653351486
32,10,199,277,0.00011655969865387306
32,10,199,278,5.079875700175762e-05
32,10,200,168,5.151193181518465e-05
32,10,200,169,8.902152330847457e-05
32,10,200,253,1.7839316569734365e-05
32,10,200,277,0.0003794292570091784
32,10,200,278,0.0001357445289613679
32,10,201,168,3.9371512684738263e-05
32,10,201,169,0.00015019973216112703
32,10,201,253,0.00014117079263087362
32,10,201,277,0.0003980730252806097
32,10,201,278,0.007804766297340393
32,10,202,168,0.00016551064618397504
32,10,202,169,0.0009935185080394149
32,10,202,253,0.0001316196285188198
32,10,202,277,0.00019571489247027785
32,10,202,278,0.0014376563485711813
32,10,203,168,0.00024124844640027732
32,10,203,169,0.00019993106252513826
32,10,203,253,3.156242019031197e-05
32,10,203,277,6.724790728185326e-05
32,10,203,278,4.0447834180667996e-05
32,10,204,168,0.0002769809798337519
32,10,204,169,0.0006858814740553498
32,10,204,253,2.427427716611419e-05
32,10,204,277,6.479446165030822e-05
32,10,204,278,0.0007668051403015852
32,10,205,168,0.00012986316869501024
32,10,205,169,0.0005908007151447237
32,10,205,253,0.0005544679006561637
32,10,205,277,0.0015092554967850447
32,10,205,278,0.010053030215203762
32,10,206,168,0.00032426216057501733
32,10,206,169,0.0025865330826491117
32,10,206,253,0.00012141950719524175
32,10,206,277,1.1454805644461885e-05
32,10,206,278,0.0001807675143936649
32,10,207,168,0.0001352896069874987
32,10,207,169,0.0005154040409252048
32,10,207,253,0.0002355954347876832
32,10,207,277,1.2343434718786739e-05
32,10,207,278,3.7315916415536776e-05
32,10,208,168,0.0006224054377526045
32,10,208,169,0.0011195240076631308
32,10,208,253,0.0001692060468485579
32,10,208,277,0.00025026907678693533
32,10,208,278,0.0016169915907084942
32,10,209,168,0.0006374159129336476
32,10,209,169,0.0010301091242581606
32,10,209,253,0.00011892591282958165
32,10,209,277,8.538727706763893e-05
32,10,209,278,0.0006479980074800551
32,10,210,168,0.0002610621158964932
32,10,210,169,0.00033150703529827297
32,10,210,253,7.110830483725294e-05
32,10,210,277,1.0261565876135137e-05
32,10,210,278,2.5979952624766156e-05
32,10,211,168,0.0008655383717268705
32,10,211,169,0.0006393862422555685
32,10,211,253,0.0006282140384428203
32,10,211,277,2.3669126676395535e-05
32,10,211,278,0.00017466723511461169
32,10,212,168,0.000761531526222825
32,10,212,169,0.007520932704210281
32,10,212,253,0.00041769532253965735
32,10,212,277,7.576396455988288e-05
32,10,212,278,0.0010211966000497341
32,10,213,168,0.0009700406226329505
32,10,213,169,0.0016785761108621955
32,10,213,253,0.0010156147181987762
32,10,213,277,2.80394251603866e-05
32,10,213,278,0.00024093913089018315
32,10,214,168,0.0008018370135687292
32,10,214,169,0.0005551686626859009
32,10,214,253,0.00024183276400435716
32,10,214,277,2.1832969650859013e-05
32,10,214,278,6.988082895986736e-05
32,10,215,168,0.0016499400371685624
32,10,215,169,0.0019953465089201927
32,10,215,253,0.00017321979976259172
32,10,215,277,0.00020181249419692904
32,10,215,278,0.0004812041879631579
32,10,216,168,0.00251660100184381
32,10,216,169,0.0034828349016606808
32,10,216,253,0.0006235931068658829
32,10,216,277,0.001561109209433198
32,10,216,278,0.001504253246821463
32,10,217,168,0.0006410296191461384
32,10,217,169,0.0010483204387128353
32,10,217,253,0.0006636580219492316
32,10,217,277,0.0025007035583257675
32,10,217,278,0.00350396241992712
32,10,218,168,0.0007539587095379829
32,10,218,169,0.0027321709785610437
32,10,218,253,0.0005518036778084934
32,10,218,277,0.0011077572125941515
32,10,218,278,0.004941388498991728
32,10,219,168,0.00026212004013359547
32,10,219,169,0.0008610665681771934
32,10,219,253,0.0006582778296433389
32,10,219,277,0.000844943686388433
32,10,219,278,0.007250306196510792
32,10,220,168,0.0006473928806371987
32,10,220,169,0.0015386765589937568
32,10,220,253,0.0006712645990774035
32,10,220,277,0.00028820650186389685
32,10,220,278,0.0026113144122064114
32,10,221,168,0.0006683092215098441
32,10,221,169,0.0009297399665229023
32,10,221,253,0.00043277430813759565
32,10,221,277,0.0003170459531247616
32,10,221,278,0.003160874592140317
32,10,222,168,0.00033497385447844863
32,10,222,169,0.0010587145807221532
32,10,222,253,0.00023501267423853278
32,10,222,277,0.0008936687372624874
32,10,222,278,0.005607715807855129
32,10,223,168,0.0005980776040814817
32,10,223,169,0.0008785028476268053
32,10,223,253,0.0006788232713006437
32,10,223,277,0.0006026359042152762
32,10,223,278,0.0021474286913871765
32,10,224,168,0.0002715012524276972
32,10,224,169,0.0002999063581228256
32,10,224,253,0.0005910360487177968
32,10,224,277,0.0006623911904171109
32,10,224,278,0.0024880238343030214
32,10,225,168,4.0325048757949844e-05
32,10,225,169,9.589504770701751e-05
32,10,225,253,7.86751916166395e-05
32,10,225,277,1.5239405911415815e-05
32,10,225,278,0.0007214194047264755
32,10,226,168,0.00010624201968312263
32,10,226,169,0.0018495410913601518
32,10,226,253,0.0006760744727216661
32,10,226,277,6.370622577378526e-05
32,10,226,278,0.0023121999111026525
32,10,227,168,6.32676383247599e-05
32,10,227,169,0.00018274530884809792
32,10,227,253,0.00012127181980758905
32,10,227,277,7.235758675960824e-05
32,10,227,278,0.0036446591839194298
32,10,228,168,1.840617369452957e-05
32,10,228,169,7.053083390928805e-05
32,10,228,253,6.286527059273794e-05
32,10,228,277,1.6739046259317547e-05
32,10,228,278,0.00371259031817317
32,10,229,168,3.9448523239116184e-06
32,10,229,169,2.4031143766478635e-05
32,10,229,253,6.530535756610334e-05
32,10,229,277,6.50111905997619e-05
32,10,229,278,0.026670286431908607
32,10,230,168,4.0852864913176745e-05
32,10,230,169,0.00021382590057328343
32,10,230,253,0.00018349931633565575
32,10,230,277,2.172341919504106e-05
32,10,230,278,0.006965270731598139
32,10,231,168,5.6588662118883803e-05
32,10,231,169,0.0001874815352493897
32,10,231,253,0.000696305010933429
32,10,231,277,7.89506157161668e-06
32,10,231,278,0.0016297021647915244
32,10,232,168,5.848714863532223e-06
32,10,232,169,4.62474454252515e-05
32,10,232,253,0.00022039069153834134
32,10,232,277,1.5005815839685965e-05
32,10,232,278,0.01545094233006239
32,10,233,168,2.693057649594266e-05
32,10,233,169,0.00023409308050759137
32,10,233,253,0.0005749273113906384
32,10,233,277,1.1125285709567834e-05
32,10,233,278,0.007787427864968777
32,10,234,168,0.00014948376337997615
32,10,234,169,0.0001564533158671111
32,10,234,253,0.00021390804613474756
32,10,234,277,1.2880709618912078e-05
32,10,234,278,0.0008213058463297784
32,10,235,168,5.3684081649407744e-05
32,10,235,169,1.492256524215918e-05
32,10,235,253,3.267775900894776e-05
32,10,235,277,6.776447844458744e-05
32,10,235,278,0.010648558847606182
32,10,236,168,5.864058402949013e-05
32,10,236,169,0.00020196157856844366
32,10,236,253,0.0008513488573953509
32,10,236,277,0.0010183891281485558
32,10,236,278,0.0335417203605175
32,10,237,168,1.4252193977881689e-05
32,10,237,169,2.371862683503423e-05
32,10,237,253,0.0011720276670530438
32,10,237,277,8.107643225230277e-05
32,10,237,278,0.008916797116398811
32,10,238,168,1.8627608369570225e-05
32,10,238,169,1.66368336067535e-05
32,10,238,253,0.00040915526915341616
32,10,238,277,0.00016349759243894368
32,10,238,278,0.007843623869121075
32,10,239,168,8.873495971783996e-06
32,10,239,169,1.6330463040503673e-05
32,10,239,253,0.0008221800671890378
32,10,239,277,0.0001935602631419897
32,10,239,278,0.020911846309900284
32,10,240,168,1.6778449207777157e-05
32,10,240,169,3.297744842711836e-05
32,10,240,253,0.00025531783467158675
32,10,240,277,0.0006739629316143692
32,10,240,278,0.008875376544892788
32,10,241,168,3.8885198591742665e-05
32,10,241,169,2.4623508579679765e-05
32,10,241,253,0.00028877038857899606
32,10,241,277,0.0007934736204333603
32,10,241,278,0.006367245223373175
32,10,242,168,7.390302471321775e-06
32,10,242,169,8.480606084049214e-06
32,10,242,253,0.0038591986522078514
32,10,242,277,0.000979491276666522
32,10,242,278,0.017814096063375473
32,10,243,168,4.5941756980028003e-05
32,10,243,169,0.00010852579725906253
32,10,243,253,0.001506814151071012
32,10,243,277,0.0033952621743083
32,10,243,278,0.06328536570072174
32,10,244,168,2.9421387353067985e-06
32,10,244,169,8.764876838540658e-06
32,10,244,253,0.0039221299812197685
32,10,244,277,0.000588954659178853
32,10,244,278,0.06208374723792076
32,10,245,168,1.862007252384501e-06
32,10,245,169,6.1062301028869115e-06
32,10,245,253,0.0077966186217963696
32,10,245,277,0.00016870434046722949
32,10,245,278,0.003758523613214493
32,10,246,168,1.4247625585994683e-05
32,10,246,169,1.6696763850632124e-05
32,10,246,253,0.003006194718182087
32,10,246,277,0.0023916407953947783
32,10,246,278,0.002827583346515894
32,10,247,168,0.00010324806498829275
32,10,247,169,0.00021951390954200178
32,10,247,253,0.0014660753076896071
32,10,247,277,0.0032018478959798813
32,10,247,278,0.04487210884690285
32,10,248,168,0.0001085863696062006
32,10,248,169,0.0001956932683242485
32,10,248,253,0.004405281040817499
32,10,248,277,0.005128599237650633
32,10,248,278,0.005204980261623859
32,10,249,168,3.773490971070714e-05
32,10,249,169,3.866050610668026e-05
32,10,249,253,0.01248108595609665
32,10,249,277,0.004704833030700684
32,10,249,278,0.0074578700587153435
32,10,250,168,3.040281626454089e-05
32,10,250,169,0.00030043383594602346
32,10,250,253,0.0032901386730372906
32,10,250,277,0.0010831725085154176
32,10,250,278,0.22271747887134552
32,10,251,168,0.00013588886940851808
32,10,251,169,0.0003080811584368348
32,10,251,253,0.005175757687538862
32,10,251,277,0.004639846738427877
32,10,251,278,0.021357260644435883
32,10,252,168,9.791625780053437e-05
32,10,252,169,0.00022996554616838694
32,10,252,253,0.007470753975212574
32,10,252,277,0.0026868360582739115
32,10,252,278,0.0025395730044692755
32,10,253,168,3.1988118280423805e-05
32,10,253,169,0.0001164113637059927
32,10,253,253,0.05203104019165039
32,10,253,277,0.0006919941515661776
32,10,253,278,0.006747056730091572
32,10,254,168,0.0010789885418489575
32,10,254,169,0.001138015417382121
32,10,254,253,0.014873501844704151
32,10,254,277,0.004352449905127287
32,10,254,278,0.16311348974704742
32,10,255,168,0.00161981419660151
32,10,255,169,0.0020086958538740873
32,10,255,253,0.0034865012858062983
32,10,255,277,0.0002391301532043144
32,10,255,278,0.0038058466743677855
32,10,256,168,0.00029176706448197365
32,10,256,169,0.00045192588004283607
32,10,256,253,0.020318113267421722
32,10,256,277,0.00015952158719301224
32,10,256,278,0.00016543180390726775
32,10,257,168,0.00017496473446954042
32,10,257,169,0.0001606107980478555
32,10,257,253,0.04430301487445831
32,10,257,277,0.00017025509441737086
32,10,257,278,0.01148319337517023
32,10,258,168,0.00034487791708670557
32,10,258,169,0.00035139539977535605
32,10,258,253,0.018392138183116913
32,10,258,277,7.447163807228208e-05
32,10,258,278,0.002250306773930788
32,10,259,168,6.31374423392117e-05
32,10,259,169,0.0003193700686097145
32,10,259,253,0.004936039447784424
32,10,259,277,0.00010476211173227057
32,10,259,278,0.00023141568817663938
32,10,260,168,0.00017998031398747116
32,10,260,169,0.0008501214324496686
32,10,260,253,0.008927240036427975
32,10,260,277,0.0005249122041277587
32,10,260,278,0.00875207781791687
32,10,261,168,0.0004181203548796475
32,10,261,169,0.001922933734022081
32,10,261,253,0.0012906149495393038
32,10,261,277,0.0004288767231628299
32,10,261,278,0.001552849542349577
32,10,262,168,0.000130021246150136
32,10,262,169,0.001019663643091917
32,10,262,253,0.0025821353774517775
32,10,262,277,0.0006765181897208095
32,10,262,278,0.0017916675424203277
32,10,263,168,8.538511610822752e-05
32,10,263,169,0.0004620965337380767
32,10,263,253,0.005004315171390772
32,10,263,277,0.0007169698947109282
32,10,263,278,0.0015765015268698335
32,10,264,168,0.00028143872623331845
32,10,264,169,0.0008241640171036124
32,10,264,253,0.005331486463546753
32,10,264,277,0.009586339816451073
32,10,264,278,0.0019031850388273597
32,10,265,168,4.663857907871716e-05
32,10,265,169,0.00020974205108359456
32,10,265,253,0.0022236446384340525
32,10,265,277,0.0002086403255816549
32,10,265,278,0.000687447318341583
32,10,266,168,9.47654407355003e-05
32,10,266,169,0.000225347641389817
32,10,266,253,0.0005594379617832601
32,10,266,277,0.0013763256138190627
32,10,266,278,0.002071525203064084
32,10,267,168,7.742096931906417e-05
32,10,267,169,0.000360477453796193
32,10,267,253,0.00021960146841593087
32,10,267,277,0.0035737897269427776
32,10,267,278,0.007750112563371658
32,10,268,168,5.434995546238497e-05
32,10,268,169,0.00022260859259404242
32,10,268,253,0.0004673718649428338
32,10,268,277,0.0004391480179037899
32,10,268,278,0.005268080160021782
32,10,269,168,2.7096777557744645e-05
32,10,269,169,9.149192192126065e-05
32,10,269,253,0.0002494745422154665
32,10,269,277,0.00037587678525596857
32,10,269,278,0.001503857783973217
32,10,270,168,3.773906428250484e-05
32,10,270,169,0.0002897032245527953
32,10,270,253,0.0008778566843830049
32,10,270,277,0.005838071461766958
32,10,270,278,0.015244719572365284
32,10,271,168,1.49803381646052e-05
32,10,271,169,4.3244686821708456e-05
32,10,271,253,0.00019545508257579058
32,10,271,277,0.0005879527307115495
32,10,271,278,0.0353674441576004
32,10,272,168,7.807306246832013e-05
32,10,272,169,0.00011938509123865515
32,10,272,253,0.0004548130091279745
32,10,272,277,0.0009577911114320159
32,10,272,278,0.059051573276519775
32,10,273,168,0.00018170048133470118
32,10,273,169,8.464411803288385e-05
32,10,273,253,5.9101232182001695e-05
32,10,273,277,0.043477851897478104
32,10,273,278,0.027923744171857834
32,10,274,168,2.015024801949039e-05
32,10,274,169,2.15970394492615e-05
32,10,274,253,0.0003814944648183882
32,10,274,277,0.03360981121659279
32,10,274,278,0.4427163600921631
32,10,275,168,2.828608194249682e-05
32,10,275,169,4.383679697639309e-05
32,10,275,253,0.0006118239834904671
32,10,275,277,0.0010832988191395998
32,10,275,278,0.304256796836853
32,10,276,168,5.983071332593681e-06
32,10,276,169,5.38348285772372e-06
32,10,276,253,7.390788960037753e-05
32,10,276,277,0.02333531714975834
32,10,276,278,0.149394690990448
32,10,277,168,4.408825134305516e-06
32,10,277,169,3.740991814993322e-05
32,10,277,253,0.00012052585952915251
32,10,277,277,0.03810882195830345
32,10,277,278,0.3453410863876343
32,10,278,168,8.857067541612196e-07
32,10,278,169,1.7282139879171154e-06
32,10,278,253,8.358054037671536e-05
32,10,278,277,0.0015468619531020522
32,10,278,278,0.36203238368034363
32,10,279,168,6.26557948635309e-07
32,10,279,169,1.3153329518900136e-06
32,10,279,253,3.352402927703224e-05
32,10,279,277,0.0009184234659187496
32,10,279,278,0.5565632581710815
32,10,280,168,2.1024795842095045e-06
32,10,280,169,2.741844582487829e-06
32,10,280,253,7.895073940744624e-05
32,10,280,277,0.016088848933577538
32,10,280,278,0.5466307997703552
32,10,281,168,3.0406954465433955e-06
32,10,281,169,1.7049713960659574e-06
32,10,281,253,0.00013240489352028817
32,10,281,277,0.0014866197016090155
32,10,281,278,0.33703479170799255
32,10,282,168,2.8350603997751023e-07
32,10,282,169,1.176428440885502e-06
32,10,282,253,0.0001282512821489945
32,10,282,277,0.0002847754512913525
32,10,282,278,0.10975895076990128
32,10,283,168,7.621780241606757e-06
32,10,283,169,1.0598195331112947e-05
32,10,283,253,0.00022979530331213027
32,10,283,277,0.0009408475016243756
32,10,283,278,0.025074724107980728
32,10,284,168,2.5572151116648456e-06
32,10,284,169,1.2761905963998288e-05
32,10,284,253,0.00013827240036334842
32,10,284,277,0.012453450821340084
32,10,284,278,0.010503130964934826
32,10,285,168,7.504704171878984e-06
32,10,285,169,8.82113181432942e-06
32,10,285,253,7.188136805780232e-05
32,10,285,277,0.0005272391717880964
32,10,285,278,0.1914345920085907
32,10,286,168,0.00019643153063952923
32,10,286,169,0.00017619135905988514
32,10,286,253,0.00015055312542244792
32,10,286,277,0.0028215793427079916
32,10,286,278,0.0035773369017988443
32,10,287,168,6.16716206423007e-05
32,10,287,169,9.115208376897499e-05
32,10,287,253,0.0013938131742179394
32,10,287,277,0.00826730951666832
32,10,287,278,0.016241353005170822
32,10,288,168,2.9405673558358103e-06
32,10,288,169,3.214481921531842e-06
32,10,288,253,0.0002157963317586109
32,10,288,277,0.0007819338352419436
32,10,288,278,0.025952620431780815
32,10,289,168,9.228041562892031e-06
32,10,289,169,2.314184166607447e-05
32,10,289,253,0.0005061215488240123
32,10,289,277,9.920592128764838e-05
32,10,289,278,0.003938616253435612
32,10,290,168,2.7117768695461564e-05
32,10,290,169,0.00010768423817353323
32,10,290,253,4.0644354157848284e-05
32,10,290,277,0.00435330206528306
32,10,290,278,0.004905250389128923
32,10,291,168,9.190497394229169e-07
32,10,291,169,2.101000973198097e-06
32,10,291,253,0.0007281811558641493
32,10,291,277,0.0004740297154057771
32,10,291,278,0.0015082249883562326
32,10,292,168,6.824050615250599e-06
32,10,292,169,2.2011399778421037e-05
32,10,292,253,0.00026096816873177886
32,10,292,277,0.003554616356268525
32,10,292,278,0.07289953529834747
32,10,293,168,2.1508842564799124e-06
32,10,293,169,3.482866077320068e-06
32,10,293,253,7.650812767678872e-05
32,10,293,277,0.006898187100887299
32,10,293,278,0.36666250228881836
32,10,294,168,2.354887874389533e-05
32,10,294,169,8.639384031994268e-05
32,10,294,253,0.00042550600483082235
32,10,294,277,0.0006905376212671399
32,10,294,278,0.0016996340127661824
32,10,295,168,8.604674803791568e-06
32,10,295,169,2.125106766470708e-05
32,10,295,253,0.000598337035626173
32,10,295,277,0.0008301376947201788
32,10,295,278,0.008748938329517841
32,10,296,168,8.133695700962562e-06
32,10,296,169,7.527265552198514e-05
32,10,296,253,0.0001517966011306271
32,10,296,277,0.0019233014900237322
32,10,296,278,0.039683498442173004
32,10,297,168,9.943260374711826e-05
32,10,297,169,0.00017802836373448372
32,10,297,253,0.00020145157759543508
32,10,297,277,0.00012815035006497055
32,10,297,278,0.0016236959490925074
32,10,298,168,1.645844713493716e-05
32,10,298,169,1.4775278941669967e-05
32,10,298,253,0.0014329879777505994
32,10,298,277,0.0002763537340797484
32,10,298,278,0.00333710596896708
32,10,299,168,2.7255080567556433e-05
32,10,299,169,7.259743142640218e-05
32,10,299,253,0.0001511047885287553
32,10,299,277,0.0029930209275335073
32,10,299,278,0.02368042804300785
32,10,300,168,3.32321178575512e-05
32,10,300,169,0.0009268891881220043
32,10,300,253,0.0015151988482102752
32,10,300,277,0.0017988686449825764
32,10,300,278,0.012684155255556107
32,10,301,168,0.00034520693589001894
32,10,301,169,0.0002812756865750998
32,10,301,253,0.014097731560468674
32,10,301,277,0.0010564912809059024
32,10,301,278,0.0008915582438930869
32,10,302,168,0.0008698293822817504
32,10,302,169,0.0001260333665413782
32,10,302,253,0.0024418120738118887
32,10,302,277,0.0006408039480447769
32,10,302,278,0.0009436251129955053
32,10,303,168,0.0003788869653362781
32,10,303,169,0.001991731347516179
32,10,303,253,0.0006734053022228181
32,10,303,277,0.0001373123232042417
32,10,303,278,0.0011738842586055398
32,10,304,168,0.003542926162481308
32,10,304,169,0.001962263835594058
32,10,304,253,0.004239379893988371
32,10,304,277,0.00164409214630723
32,10,304,278,0.0020859860815107822
32,10,305,168,0.00030458474066108465
32,10,305,169,0.00012127485388191417
32,10,305,253,0.00278827385045588
32,10,305,277,0.004011243116110563
32,10,305,278,0.008253236301243305
32,10,306,168,5.37905034434516e-05
32,10,306,169,8.282958151539788e-05
32,10,306,253,0.0008176553528755903
32,10,306,277,0.0002607421192806214
32,10,306,278,0.006626231130212545
32,10,307,168,0.00035934633342549205
32,10,307,169,0.0005948142497800291
32,10,307,253,0.002727329498156905
32,10,307,277,0.00020534491341095418
32,10,307,278,0.0015191294951364398
32,10,308,168,0.00016921602946240455
32,10,308,169,0.00017018536163959652
32,10,308,253,0.002083816798403859
32,10,308,277,0.00047780308523215353
32,10,308,278,0.0021756859496235847
32,10,309,168,5.499472899828106e-05
32,10,309,169,0.00011819703649962321
32,10,309,253,0.0015348101733252406
32,10,309,277,0.0003172646975144744
32,10,309,278,0.0028140367940068245
32,10,310,168,0.00010075397585751489
32,10,310,169,0.00045801542000845075
32,10,310,253,0.0028012769762426615
32,10,310,277,0.0028230014722794294
32,10,310,278,0.04661941155791283
32,10,311,168,0.00022861635079607368
32,10,311,169,0.0015293610049411654
32,10,311,253,0.0010897907195612788
32,10,311,277,0.0012388190953060985
32,10,311,278,0.021697644144296646
32,10,312,168,8.876224455889314e-05
32,10,312,169,0.0003757709637284279
32,10,312,253,0.0022607881110161543
32,10,312,277,0.000980078591965139
32,10,312,278,0.02735050395131111
32,10,313,168,0.00011831824667751789
32,10,313,169,9.276186756324023e-05
32,10,313,253,0.0035699275322258472
32,10,313,277,0.003665150376036763
32,10,313,278,0.04904550686478615
32,10,314,168,0.00018064792675431818
32,10,314,169,0.00013412469706963748
32,10,314,253,0.001662132446654141
32,10,314,277,0.0006057111313566566
32,10,314,278,0.011710165068507195
32,10,315,168,0.0001390681427437812
32,10,315,169,8.976213575806469e-05
32,10,315,253,0.001318463939242065
32,10,315,277,0.00024864767328836024
32,10,315,278,0.0015911068767309189
32,10,316,168,9.972840780392289e-05
32,10,316,169,6.677908822894096e-05
32,10,316,253,0.0017183367162942886
32,10,316,277,0.0003264730330556631
32,10,316,278,0.0031876785214990377
32,10,317,168,4.1715673432918265e-05
32,10,317,169,0.00010094408935401589
32,10,317,253,0.0022433048579841852
32,10,317,277,0.0010232386412099004
32,10,317,278,0.005992682185024023
32,10,318,168,3.922135874745436e-05
32,10,318,169,0.00011010854359483346
32,10,318,253,0.003243804909288883
32,10,318,277,0.0011085588485002518
32,10,318,278,0.007570010609924793
32,10,319,168,4.506934419623576e-05
32,10,319,169,0.0001066575205186382
32,10,319,253,0.0016584404511377215
32,10,319,277,0.001411682809703052
32,10,319,278,0.0062471842393279076
32,10,320,168,9.5386922112084e-06
32,10,320,169,3.064570773858577e-05
32,10,320,253,0.0014597721165046096
32,10,320,277,0.0005705166840925813
32,10,320,278,0.003962924238294363
32,10,321,168,4.8606500058667734e-05
32,10,321,169,5.750122363679111e-05
32,10,321,253,0.002452170243486762
32,10,321,277,0.001963371178135276
32,10,321,278,0.012404680252075195
32,10,322,168,2.9907747375546023e-05
32,10,322,169,5.840981248184107e-05
32,10,322,253,0.001908268895931542
32,10,322,277,0.003067438257858157
32,10,322,278,0.007057117763906717
32,10,323,168,2.7472717192722484e-05
32,10,323,169,2.5949520932044834e-05
32,10,323,253,0.0028423729818314314
32,10,323,277,0.001672850688919425
32,10,323,278,0.0071712336502969265
32,10,324,168,1.4454812117037363e-05
32,10,324,169,1.918076850415673e-05
32,10,324,253,0.001757077407091856
32,10,324,277,0.002105273539200425
32,10,324,278,0.006849711760878563
32,10,325,168,7.533001735282596e-06
32,10,325,169,1.1599498975556344e-05
32,10,325,253,0.0016940295463427901
32,10,325,277,0.0015751061728224158
32,10,325,278,0.009384951554238796
32,10,326,168,3.847566404147074e-06
32,10,326,169,8.201325726986397e-06
32,10,326,253,0.001711679040454328
32,10,326,277,0.00037043631891719997
32,10,326,278,0.00570689095184207
32,10,327,168,4.315310889069224e-06
32,10,327,169,1.1908094165846705e-05
32,10,327,253,0.0013108158018440008
32,10,327,277,0.0003271392488386482
32,10,327,278,0.004503208678215742
32,10,328,168,9.573320312483702e-06
32,10,328,169,1.545757731946651e-05
32,10,328,253,0.0014242884935811162
32,10,328,277,0.00018371519399806857
32,10,328,278,0.003178616054356098
32,10,329,168,1.523864921182394e-05
32,10,329,169,1.6388255971833132e-05
32,10,329,253,0.0011993158841505647
32,10,329,277,0.0003192152944393456
32,10,329,278,0.002383152022957802
32,10,330,168,1.2356014849501662e-05
32,10,330,169,2.1950918380753137e-05
32,10,330,253,0.0014396633487194777
32,10,330,277,0.00043185954564251006
32,10,330,278,0.004730702377855778
32,10,331,168,1.5166242519626394e-05
32,10,331,169,1.47689861478284e-05
32,10,331,253,0.0006729476153850555
32,10,331,277,0.0005387550918385386
32,10,331,278,0.002200141316279769
32,10,332,168,1.2781491932400968e-05
32,10,332,169,1.8717490092967637e-05
32,10,332,253,0.0013733847299590707
32,10,332,277,0.00047531462041661143
32,10,332,278,0.0032423981465399265
32,10,333,168,7.866745363571681e-06
32,10,333,169,9.893889000522904e-06
32,10,333,253,0.0018332592444494367
32,10,333,277,0.00047180609544739127
32,10,333,278,0.003743913257494569
32,10,334,168,1.2304277333896607e-05
32,10,334,169,1.898243499454111e-05
32,10,334,253,0.001934881554916501
32,10,334,277,0.0005769627750851214
32,10,334,278,0.0063561080023646355
32,10,335,168,6.195434252731502e-06
32,10,335,169,7.343695870076772e-06
32,10,335,253,0.0008948624599725008
32,10,335,277,0.000517986947670579
32,10,335,278,0.001956470776349306
32,10,336,168,7.999353329068981e-06
32,10,336,169,5.751182925450848e-06
32,10,336,253,0.001303209224715829
32,10,336,277,0.0011852126335725188
32,10,336,278,0.004176412709057331
32,10,337,168,3.3430662824684987e-06
32,10,337,169,1.3090381798974704e-05
32,10,337,253,0.0008305994560942054
32,10,337,277,0.0013275683159008622
32,10,337,278,0.0072797746397554874
32,10,338,168,4.137654286751058e-06
32,10,338,169,6.358361588354455e-06
32,10,338,253,0.0012940244050696492
32,10,338,277,0.0008096809615381062
32,10,338,278,0.005266674794256687
32,10,339,168,3.5862210552295437e-06
32,10,339,169,1.8339655071031302e-05
32,10,339,253,0.0009537800215184689
32,10,339,277,0.000992333865724504
32,10,339,278,0.02628655917942524
32,10,340,168,3.097619628533721e-05
32,10,340,169,3.9147085772128776e-05
32,10,340,253,0.0015627335524186492
32,10,340,277,0.0013140968512743711
32,10,340,278,0.014184652827680111
32,10,341,168,7.716620166320354e-05
32,10,341,169,9.365891310153529e-05
32,10,341,253,0.0021667503751814365
32,10,341,277,0.001142187975347042
32,10,341,278,0.002067526336759329
32,10,342,168,4.373097908683121e-06
32,10,342,169,4.101240392628824e-06
32,10,342,253,0.0003541789192240685
32,10,342,277,9.889047214528546e-05
32,10,342,278,7.940160139696673e-05
32,10,343,168,2.2321861251839437e-05
32,10,343,169,3.145483060507104e-05
32,10,343,253,0.0008771572029218078
32,10,343,277,0.001967940479516983
32,10,343,278,0.001539095537737012
32,10,344,168,1.5621670172549784e-05
32,10,344,169,1.9077619072049856e-05
32,10,344,253,0.0012166054220870137
32,10,344,277,0.0027094641700387
32,10,344,278,0.007166956551373005
32,10,345,168,2.7584908821154386e-05
32,10,345,169,4.9406975449528545e-05
32,10,345,253,0.0009005731553770602
32,10,345,277,0.0014709390234202147
32,10,345,278,0.0005765157984569669
32,10,346,168,1.4578223272110336e-05
32,10,346,169,1.751453419274185e-05
32,10,346,253,0.0011627861531451344
32,10,346,277,0.0002797692723106593
32,10,346,278,0.00046156029566191137
32,10,347,168,1.8527478459873237e-05
32,10,347,169,1.3396394933806732e-05
32,10,347,253,0.0009796457597985864
32,10,347,277,0.00021775822096969932
32,10,347,278,0.00017470293096266687
32,10,348,168,4.504312528297305e-05
32,10,348,169,4.903903027297929e-05
32,10,348,253,0.000972671783529222
32,10,348,277,0.0016563552198931575
32,10,348,278,0.001392390695400536
32,10,349,168,3.047996142413467e-05
32,10,349,169,3.5639099223772064e-05
32,10,349,253,0.0037883268669247627
32,10,349,277,0.004807568620890379
32,10,349,278,0.015335937030613422
32,10,350,168,0.0002446043654344976
32,10,350,169,0.00021658193145412952
32,10,350,253,0.001040239934809506
32,10,350,277,0.0033839712850749493
32,10,350,278,0.0003091412363573909
32,10,351,168,1.8650978745426983e-05
32,10,351,169,3.203574306098744e-05
32,10,351,253,0.0009596719755791128
32,10,351,277,0.0005833461182191968
32,10,351,278,0.00017786090029403567
32,10,352,168,1.2003405572613701e-05
32,10,352,169,1.1509681826282758e-05
32,10,352,253,0.0005960130365565419
32,10,352,277,0.0011151860235258937
32,10,352,278,0.0002412101748632267
32,10,353,168,8.932715900300536e-06
32,10,353,169,3.203333471901715e-05
32,10,353,253,0.001964908093214035
32,10,353,277,0.001914126449264586
32,10,353,278,0.0017391436267644167
32,10,354,168,1.3209088137955405e-05
32,10,354,169,2.3368038455373608e-05
32,10,354,253,0.0013773797545582056
32,10,354,277,0.0013096061302348971
32,10,354,278,0.000609334500040859
32,10,355,168,3.111587284365669e-05
32,10,355,169,5.128134580445476e-05
32,10,355,253,0.002625415101647377
32,10,355,277,0.0035743466578423977
32,10,355,278,0.003134540282189846
32,10,356,168,2.4809914975776337e-05
32,10,356,169,2.721096643654164e-05
32,10,356,253,0.0023331616539508104
32,10,356,277,0.00842039380222559
32,10,356,278,0.0029152517672628164
32,10,357,168,1.5608609828632325e-05
32,10,357,169,3.70692832802888e-05
32,10,357,253,0.005099425092339516
32,10,357,277,0.00522391265258193
32,10,357,278,0.005105253309011459
32,10,358,168,2.2718053514836356e-05
32,10,358,169,1.4624494724557735e-05
32,10,358,253,0.00439879996702075
32,10,358,277,0.001514388364739716
32,10,358,278,0.0012364357244223356
32,10,359,168,2.2730468117515557e-05
32,10,359,169,4.994166738470085e-05
32,10,359,253,0.003219934878870845
32,10,359,277,0.0036287810653448105
32,10,359,278,0.003979272674769163
32,10,360,168,7.399938476737589e-05
32,10,360,169,8.831828745314851e-05
32,10,360,253,0.002162979217246175
32,10,360,277,0.005169053096324205
32,10,360,278,0.0068047200329601765
32,10,361,168,0.00017426200793124735
32,10,361,169,0.00027332938043400645
32,10,361,253,0.0008374941535294056
32,10,361,277,0.0063684480264782906
32,10,361,278,0.0022753230296075344
32,10,362,168,1.9171204257872887e-05
32,10,362,169,2.3425473045790568e-05
32,10,362,253,0.0007177258958108723
32,10,362,277,0.0005300032789818943
32,10,362,278,0.0008343073423020542
32,10,363,168,4.8236444854410365e-05
32,10,363,169,3.932917752536014e-05
32,10,363,253,0.0006755688227713108
32,10,363,277,0.0020108444150537252
32,10,363,278,0.0023018973879516125
32,10,364,168,1.633774627407547e-05
32,10,364,169,3.9777529309503734e-05
32,10,364,253,0.0009332007612101734
32,10,364,277,0.0016250588232651353
32,10,364,278,0.008676962926983833
32,10,365,168,5.0295417167944834e-05
32,10,365,169,0.00011760143388528377
32,10,365,253,0.0010647672461345792
32,10,365,277,0.0022608262952417135
32,10,365,278,0.0019272033823654056
32,10,366,168,2.122906516888179e-05
32,10,366,169,2.4742697860347107e-05
32,10,366,253,0.00046121812192723155
32,10,366,277,0.000552093202713877
32,10,366,278,0.0003616795293055475
32,10,367,168,1.8033377273241058e-05
32,10,367,169,2.6079298550030217e-05
32,10,367,253,0.0004984361585229635
32,10,367,277,0.004902001935988665
32,10,367,278,0.0031935228034853935
32,10,368,168,9.185518138110638e-06
32,10,368,169,1.106682884710608e-05
32,10,368,253,0.0002395334595348686
32,10,368,277,0.012644798494875431
32,10,368,278,0.01217667106539011
32,10,369,168,1.3235501683084294e-05
32,10,369,169,2.8684979042736813e-05
32,10,369,253,0.00018000650743488222
32,10,369,277,0.004838583059608936
32,10,369,278,0.009753144346177578
32,10,370,168,1.3337265954760369e-05
32,10,370,169,2.155990296159871e-05
32,10,370,253,0.00014240627933759242
32,10,370,277,0.002069273265078664
32,10,370,278,0.002686299616470933
32,10,371,168,3.549440953065641e-05
32,10,371,169,2.6692536266637035e-05
32,10,371,253,0.0003528270754031837
32,10,371,277,0.0011534321820363402
32,10,371,278,0.0015090025262907147
32,10,372,168,5.091490675113164e-05
32,10,372,169,1.584225901751779e-05
32,10,372,253,0.00023956940276548266
32,10,372,277,0.0011526093585416675
32,10,372,278,0.0011043633567169309
32,10,373,168,2.3995040464797057e-05
32,10,373,169,1.4986985661380459e-05
32,10,373,253,0.0002500469272490591
32,10,373,277,0.0026542493142187595
32,10,373,278,0.00807599164545536
32,10,374,168,3.598656985559501e-05
32,10,374,169,9.487918759987224e-06
32,10,374,253,0.00029219704447314143
32,10,374,277,0.003430035663768649
32,10,374,278,0.0023399819619953632
32,10,375,168,4.531897502602078e-05
32,10,375,169,1.3918157492298633e-05
32,10,375,253,0.00044706391054205596
32,10,375,277,0.011954167857766151
32,10,375,278,0.0018790974281728268
32,10,376,168,2.376156407990493e-05
32,10,376,169,7.591747817059513e-06
32,10,376,253,0.00030367003637365997
32,10,376,277,0.006707384716719389
32,10,376,278,0.0030746711418032646
32,10,377,168,1.9484758013277315e-05
32,10,377,169,9.027735359268263e-06
32,10,377,253,0.0008721672929823399
32,10,377,277,0.01546531543135643
32,10,377,278,0.0033015001099556684
32,10,378,168,3.382511204108596e-05
32,10,378,169,1.3122607015247922e-05
32,10,378,253,0.0006786052254028618
32,10,378,277,0.006176332477480173
32,10,378,278,0.00229575764387846
32,10,379,168,2.0445977497729473e-05
32,10,379,169,8.093974429357331e-06
32,10,379,253,0.0005055149085819721
32,10,379,277,0.01159470435231924
32,10,379,278,0.0048647415824234486
32,10,380,168,5.3735930123366416e-05
32,10,380,169,1.0059256965178065e-05
32,10,380,253,0.00037091801641508937
32,10,380,277,0.0101995300501585
32,10,380,278,0.0023048147559165955
32,10,381,168,3.76724055968225e-05
32,10,381,169,7.651730811630841e-06
32,10,381,253,0.00030483034788630903
32,10,381,277,0.018626950681209564
32,10,381,278,0.0049809603951871395
32,10,382,168,3.659084177343175e-05
32,10,382,169,1.8986826034961268e-05
32,10,382,253,0.0010813236003741622
32,10,382,277,0.02714020386338234
32,10,382,278,0.017575040459632874
32,10,383,168,1.354833148070611e-05
32,10,383,169,1.1464562703622505e-05
32,10,383,253,0.0004673740186262876
32,10,383,277,0.0077062202617526054
32,10,383,278,0.006278501823544502
32,10,384,168,2.7841922928928398e-05
32,10,384,169,2.1347608708310872e-05
32,10,384,253,0.0010365820489823818
32,10,384,277,0.005851963069289923
32,10,384,278,0.0036768631543964148
32,10,385,168,1.150234220403945e-05
32,10,385,169,6.900598691572668e-06
32,10,385,253,0.0007194042555056512
32,10,385,277,0.002219362184405327
32,10,385,278,0.0032230610959231853
32,10,386,168,3.804662628681399e-05
32,10,386,169,2.7909642085433006e-05
32,10,386,253,0.0005489650648087263
32,10,386,277,0.00453962991014123
32,10,386,278,0.0027332899626344442
32,10,387,168,1.1611327863647602e-05
32,10,387,169,1.4097811799729243e-05
32,10,387,253,0.0008788712439127266
32,10,387,277,0.0019258144311606884
32,10,387,278,0.003895740956068039
32,10,388,168,2.2587613784708083e-05
32,10,388,169,2.36597206821898e-05
32,10,388,253,0.0016224347054958344
32,10,388,277,0.001185750006698072
32,10,388,278,0.0020450588781386614
32,10,389,168,2.5331963115604594e-05
32,10,389,169,2.2032332708477043e-05
32,10,389,253,0.0017773539293557405
32,10,389,277,0.0010777009883895516
32,10,389,278,0.004630901385098696
32,10,390,168,4.155480201006867e-05
32,10,390,169,1.4140303392196074e-05
32,10,390,253,0.0005359117058105767
32,10,390,277,0.00028351927176117897
32,10,390,278,0.00048582462477497756
32,10,391,168,0.00010494587331777439
32,10,391,169,7.083013042574748e-05
32,10,391,253,0.000910924281924963
32,10,391,277,0.007842923514544964
32,10,391,278,0.0014272400876507163
32,10,392,168,5.8195604651700705e-05
32,10,392,169,1.7019076040014625e-05
32,10,392,253,0.0007891365676186979
32,10,392,277,0.0005477685481309891
32,10,392,278,0.0005135482060723007
32,10,393,168,0.00012027615593979135
32,10,393,169,4.9712194595485926e-05
32,10,393,253,0.0005811778246425092
32,10,393,277,0.0004807420773431659
32,10,393,278,9.306686843046919e-05
32,10,394,168,4.73485779366456e-05
32,10,394,169,4.3836149416165426e-05
32,10,394,253,0.0004280993016436696
32,10,394,277,0.0007203588611446321
32,10,394,278,0.00010340094013372436
32,10,395,168,3.739958629012108e-05
32,10,395,169,2.7216305170441046e-05
32,10,395,253,0.000482961448142305
32,10,395,277,0.0003240925434511155
32,10,395,278,0.00017143490549642593
32,10,396,168,5.831007729284465e-05
32,10,396,169,6.590368138859048e-05
32,10,396,253,0.0006977102602832019
32,10,396,277,0.000718355702701956
32,10,396,278,0.00013540417421609163
32,10,397,168,5.081108974991366e-05
32,10,397,169,3.580961129046045e-05
32,10,397,253,0.000153091037645936
32,10,397,277,0.0003945333883166313
32,10,397,278,5.308856998453848e-05
32,10,398,168,6.586551171494648e-05
32,10,398,169,5.881173274246976e-05
32,10,398,253,0.00019172547035850585
32,10,398,277,0.0010814503766596317
32,10,398,278,6.728271546307951e-05
32,10,399,168,0.00014265876961871982
32,10,399,169,0.00010649963951436803
32,10,399,253,0.0005473624332807958
32,10,399,277,0.0017727422527968884
32,10,399,278,0.00013991484593134373
32,10,400,168,0.00020488814334385097
32,10,400,169,0.00010584558185655624
32,10,400,253,0.00017881878011394292
32,10,400,277,0.0022759619168937206
32,10,400,278,4.136113784625195e-05
32,10,401,168,9.494861296843737e-05
32,10,401,169,5.035457797930576e-05
32,10,401,253,0.0003597423492465168
32,10,401,277,0.0027564154006540775
32,10,401,278,0.00011529047333169729
32,10,402,168,0.00013016050797887146
32,10,402,169,8.331312710652128e-05
32,10,402,253,0.00022885322687216103
32,10,402,277,0.002041126135736704
32,10,402,278,0.0001620528200874105
32,10,403,168,7.826984801795334e-05
32,10,403,169,2.8100048439227976e-05
32,10,403,253,0.00012542412150651217
32,10,403,277,0.0011435238411650062
32,10,403,278,0.0003428712079767138
32,10,404,168,0.0003175219753757119
32,10,404,169,7.23703924450092e-05
32,10,404,253,0.00024729908909648657
32,10,404,277,0.0009815891971811652
32,10,404,278,0.00015703409735579044
32,10,405,168,0.0002259251195937395
32,10,405,169,3.3584004995645955e-05
32,10,405,253,8.3300874393899e-05
32,10,405,277,0.0013190071331337094
32,10,405,278,0.00012009748752461746
32,10,406,168,0.00034121889621019363
32,10,406,169,6.618007319048047e-05
32,10,406,253,8.76165067893453e-05
32,10,406,277,0.0043827835470438
32,10,406,278,0.00025183105026371777
32,10,407,168,0.00039771394222043455
32,10,407,169,0.00011053184425691143
32,10,407,253,0.00011082136916229501
32,10,407,277,0.0024778321385383606
32,10,407,278,0.0005022332770749927
32,10,408,168,0.00014960164844524115
32,10,408,169,6.658412894466892e-05
32,10,408,253,0.00011570715287234634
32,10,408,277,0.0010583748808130622
32,10,408,278,0.00022302870638668537
32,10,409,168,0.0001444419176550582
32,10,409,169,0.00010655407095327973
32,10,409,253,0.00012438213161658496
32,10,409,277,0.0034999747294932604
32,10,409,278,0.0002711305860430002
32,10,410,168,9.221256914315745e-05
32,10,410,169,4.8111756768776104e-05
32,10,410,253,0.00011394630564609542
32,10,410,277,0.0018230834975838661
32,10,410,278,0.00031201267847791314
32,10,411,168,0.00019894808065146208
32,10,411,169,9.257831698050722e-05
32,10,411,253,6.135514558991417e-05
32,10,411,277,0.002399555640295148
32,10,411,278,0.00029660610016435385
32,10,412,168,0.00010866554657695815
32,10,412,169,6.026252231094986e-05
32,10,412,253,8.360481297131628e-05
32,10,412,277,0.001577243790961802
32,10,412,278,0.0011306462110951543
32,10,413,168,0.0001686595642240718
32,10,413,169,8.919091487769037e-05
32,10,413,253,0.0002785580581985414
32,10,413,277,0.03166341409087181
32,10,413,278,0.016950063407421112
32,10,414,168,0.0011194287799298763
32,10,414,169,0.003499191952869296
32,10,414,253,0.0015612583374604583
32,10,414,277,0.003106360323727131
32,10,414,278,0.007802317384630442
